reporter_name,_year,trade_flow,product_group,_indicator,total_dollars,total_dollars
Germany,2008,Export,  All Products,Export (US$ Thousand),1457462950,100
Germany,2008,Export, Capital goods,Macro Export (US$ Thousand),560018891.5,38.4242
Germany,2008,Export, Consumer goods,Macro Export (US$ Thousand),491212573.8,33.7033
Germany,2008,Export, Intermediate goods,Macro Export (US$ Thousand),288642529.1,19.8045
Germany,2008,Export, Raw materials,Macro Export (US$ Thousand),42716995.93,2.9309
Germany,2008,Export,Other,Macro Export (US$ Thousand),74871960.02,5.1371
Germany,2008,Export,Animal,Micro Export (US$ Thousand),22956497.08,1.5751
Germany,2008,Export,Chemicals,Micro Export (US$ Thousand),163666965.4,11.2296
Germany,2008,Export,Food Products,Micro Export (US$ Thousand),38774358.28,2.6604
Germany,2008,Export,Footwear,Micro Export (US$ Thousand),4844748.64,0.3324
Germany,2008,Export,Fuels,Micro Export (US$ Thousand),38852040.53,2.6657
Germany,2008,Export,Hides and Skins,Micro Export (US$ Thousand),3588291.696,0.2462
Germany,2008,Export,Mach and Elec,Micro Export (US$ Thousand),416164365.1,28.554
Germany,2008,Export,Metals,Micro Export (US$ Thousand),133984129.5,9.193
Germany,2008,Export,Minerals,Micro Export (US$ Thousand),3705008.463,0.2542
Germany,2008,Export,Miscellaneous,Micro Export (US$ Thousand),152552885.5,10.467
Germany,2008,Export,Plastic or Rubber,Micro Export (US$ Thousand),70176680.54,4.815
Germany,2008,Export,Stone and Glass,Micro Export (US$ Thousand),28759745.81,1.9733
Germany,2008,Export,Textiles and Clothing,Micro Export (US$ Thousand),35984476.84,2.469
Germany,2008,Export,Transportation,Micro Export (US$ Thousand),278987008.6,19.142
Germany,2008,Export,Vegetable,Micro Export (US$ Thousand),17908024.58,1.2287
Germany,2008,Export,Wood,Micro Export (US$ Thousand),46557723.84,3.1944
Germany,2008,Import,  All Products,Import (US$ Thousand),1192581759,100
Germany,2008,Import, Capital goods,Macro Import (US$ Thousand),342183494.4,28.6927
Germany,2008,Import, Consumer goods,Macro Import (US$ Thousand),384628161.2,32.2517
Germany,2008,Import, Intermediate goods,Macro Import (US$ Thousand),260948332.2,21.881
Germany,2008,Import, Raw materials,Macro Import (US$ Thousand),155884496.1,13.0712
Germany,2008,Import,Other,Macro Import (US$ Thousand),48937274.95,4.1034
Germany,2008,Import,Animal,Micro Import (US$ Thousand),22850412.17,1.916
Germany,2008,Import,Chemicals,Micro Import (US$ Thousand),121765700.3,10.2103
Germany,2008,Import,Food Products,Micro Import (US$ Thousand),35160668.33,2.9483
Germany,2008,Import,Footwear,Micro Import (US$ Thousand),8628663.518,0.7235
Germany,2008,Import,Fuels,Micro Import (US$ Thousand),168178023.9,14.102
Germany,2008,Import,Hides and Skins,Micro Import (US$ Thousand),4975922.904,0.4172
Germany,2008,Import,Mach and Elec,Micro Import (US$ Thousand),275326443.8,23.0866
Germany,2008,Import,Metals,Micro Import (US$ Thousand),119523158.5,10.0222
Germany,2008,Import,Minerals,Micro Import (US$ Thousand),11966353.89,1.0034
Germany,2008,Import,Miscellaneous,Micro Import (US$ Thousand),89943338.59,7.5419
Germany,2008,Import,Plastic or Rubber,Micro Import (US$ Thousand),54227956.59,4.5471
Germany,2008,Import,Stone and Glass,Micro Import (US$ Thousand),26819083.4,2.2488
Germany,2008,Import,Textiles and Clothing,Micro Import (US$ Thousand),49533509.1,4.1535
Germany,2008,Import,Transportation,Micro Import (US$ Thousand),131809800.1,11.0525
Germany,2008,Import,Vegetable,Micro Import (US$ Thousand),37879548.14,3.1763
Germany,2008,Import,Wood,Micro Import (US$ Thousand),33993175.63,2.8504
Germany,2009,Export,  All Products,Export (US$ Thousand),1125844048,100
Germany,2009,Export, Capital goods,Macro Export (US$ Thousand),419049564.7,37.2209
Germany,2009,Export, Consumer goods,Macro Export (US$ Thousand),395966967,35.1707
Germany,2009,Export, Intermediate goods,Macro Export (US$ Thousand),225004823.2,19.9854
Germany,2009,Export, Raw materials,Macro Export (US$ Thousand),33259094.89,2.9541
Germany,2009,Export,Other,Macro Export (US$ Thousand),52563598.07,4.6689
Germany,2009,Export,Animal,Micro Export (US$ Thousand),20332043.98,1.8059
Germany,2009,Export,Chemicals,Micro Export (US$ Thousand),144027315.8,12.7928
Germany,2009,Export,Food Products,Micro Export (US$ Thousand),36594193.86,3.2504
Germany,2009,Export,Footwear,Micro Export (US$ Thousand),4450444.588,0.3953
Germany,2009,Export,Fuels,Micro Export (US$ Thousand),24070185.58,2.138
Germany,2009,Export,Hides and Skins,Micro Export (US$ Thousand),2781934.644,0.2471
Germany,2009,Export,Mach and Elec,Micro Export (US$ Thousand),314493154.6,27.934
Germany,2009,Export,Metals,Micro Export (US$ Thousand),89286795.61,7.9307
Germany,2009,Export,Minerals,Micro Export (US$ Thousand),2872504.209,0.2551
Germany,2009,Export,Miscellaneous,Micro Export (US$ Thousand),117173722.3,10.4076
Germany,2009,Export,Plastic or Rubber,Micro Export (US$ Thousand),60662856.81,5.3882
Germany,2009,Export,Stone and Glass,Micro Export (US$ Thousand),23059999.34,2.0482
Germany,2009,Export,Textiles and Clothing,Micro Export (US$ Thousand),30978534.2,2.7516
Germany,2009,Export,Transportation,Micro Export (US$ Thousand),202876284.3,18.0199
Germany,2009,Export,Vegetable,Micro Export (US$ Thousand),14688635.67,1.3047
Germany,2009,Export,Wood,Micro Export (US$ Thousand),37495442.29,3.3304
Germany,2009,Import,  All Products,Import (US$ Thousand),928891172.2,100
Germany,2009,Import, Capital goods,Macro Import (US$ Thousand),265528048.2,28.5855
Germany,2009,Import, Consumer goods,Macro Import (US$ Thousand),330387833.5,35.568
Germany,2009,Import, Intermediate goods,Macro Import (US$ Thousand),189468156.7,20.3972
Germany,2009,Import, Raw materials,Macro Import (US$ Thousand),103042620.4,11.0931
Germany,2009,Import,Other,Macro Import (US$ Thousand),40464513.37,4.3562
Germany,2009,Import,Animal,Micro Import (US$ Thousand),20297850.48,2.1852
Germany,2009,Import,Chemicals,Micro Import (US$ Thousand),106266942.3,11.4402
Germany,2009,Import,Food Products,Micro Import (US$ Thousand),33477596.49,3.604
Germany,2009,Import,Footwear,Micro Import (US$ Thousand),7937510.327,0.8545
Germany,2009,Import,Fuels,Micro Import (US$ Thousand),108473416.4,11.6777
Germany,2009,Import,Hides and Skins,Micro Import (US$ Thousand),4088299.201,0.4401
Germany,2009,Import,Mach and Elec,Micro Import (US$ Thousand),214840826.8,23.1287
Germany,2009,Import,Metals,Micro Import (US$ Thousand),68359936.03,7.3593
Germany,2009,Import,Minerals,Micro Import (US$ Thousand),8182936,0.8809
Germany,2009,Import,Miscellaneous,Micro Import (US$ Thousand),79613702.15,8.5708
Germany,2009,Import,Plastic or Rubber,Micro Import (US$ Thousand),41165349.44,4.4317
Germany,2009,Import,Stone and Glass,Micro Import (US$ Thousand),21357213.45,2.2992
Germany,2009,Import,Textiles and Clothing,Micro Import (US$ Thousand),44036708.17,4.7408
Germany,2009,Import,Transportation,Micro Import (US$ Thousand),111346169,11.987
Germany,2009,Import,Vegetable,Micro Import (US$ Thousand),32169577.84,3.4632
Germany,2009,Import,Wood,Micro Import (US$ Thousand),27277138.09,2.9365
Germany,2010,Export,  All Products,Export (US$ Thousand),1267743109,100
Germany,2010,Export, Capital goods,Macro Export (US$ Thousand),477522231.5,37.6671
Germany,2010,Export, Consumer goods,Macro Export (US$ Thousand),436545693.7,34.4349
Germany,2010,Export, Intermediate goods,Macro Export (US$ Thousand),256616382.6,20.242
Germany,2010,Export, Raw materials,Macro Export (US$ Thousand),39238463.93,3.0951
Germany,2010,Export,Other,Macro Export (US$ Thousand),57820337.13,4.5609
Germany,2010,Export,Animal,Micro Export (US$ Thousand),21491452.08,1.6953
Germany,2010,Export,Chemicals,Micro Export (US$ Thousand),153288575.8,12.0915
Germany,2010,Export,Food Products,Micro Export (US$ Thousand),36841422.25,2.9061
Germany,2010,Export,Footwear,Micro Export (US$ Thousand),4667132.599,0.3681
Germany,2010,Export,Fuels,Micro Export (US$ Thousand),26674381.4,2.1041
Germany,2010,Export,Hides and Skins,Micro Export (US$ Thousand),3131156.779,0.247
Germany,2010,Export,Mach and Elec,Micro Export (US$ Thousand),351848085.8,27.7539
Germany,2010,Export,Metals,Micro Export (US$ Thousand),104533645.7,8.2456
Germany,2010,Export,Minerals,Micro Export (US$ Thousand),2965220.614,0.2339
Germany,2010,Export,Miscellaneous,Micro Export (US$ Thousand),130064777.5,10.2596
Germany,2010,Export,Plastic or Rubber,Micro Export (US$ Thousand),68937076.2,5.4378
Germany,2010,Export,Stone and Glass,Micro Export (US$ Thousand),29092684.54,2.2948
Germany,2010,Export,Textiles and Clothing,Micro Export (US$ Thousand),32548038.62,2.5674
Germany,2010,Export,Transportation,Micro Export (US$ Thousand),246360439.4,19.433
Germany,2010,Export,Vegetable,Micro Export (US$ Thousand),15419964.67,1.2163
Germany,2010,Export,Wood,Micro Export (US$ Thousand),39879055.08,3.1457
Germany,2010,Import,  All Products,Import (US$ Thousand),1060672352,100
Germany,2010,Import, Capital goods,Macro Import (US$ Thousand),322335292.9,30.3897
Germany,2010,Import, Consumer goods,Macro Import (US$ Thousand),343791076.8,32.4126
Germany,2010,Import, Intermediate goods,Macro Import (US$ Thousand),229041010.9,21.5939
Germany,2010,Import, Raw materials,Macro Import (US$ Thousand),125208940.3,11.8047
Germany,2010,Import,Other,Macro Import (US$ Thousand),40296031.18,3.7991
Germany,2010,Import,Animal,Micro Import (US$ Thousand),20931139.63,1.9734
Germany,2010,Import,Chemicals,Micro Import (US$ Thousand),114477651.9,10.7929
Germany,2010,Import,Food Products,Micro Import (US$ Thousand),32994655.65,3.1107
Germany,2010,Import,Footwear,Micro Import (US$ Thousand),8966908.547,0.8454
Germany,2010,Import,Fuels,Micro Import (US$ Thousand),124577581.7,11.7452
Germany,2010,Import,Hides and Skins,Micro Import (US$ Thousand),4655827.983,0.439
Germany,2010,Import,Mach and Elec,Micro Import (US$ Thousand),255831535.1,24.1198
Germany,2010,Import,Metals,Micro Import (US$ Thousand),91298943.12,8.6076
Germany,2010,Import,Minerals,Micro Import (US$ Thousand),12457339.91,1.1745
Germany,2010,Import,Miscellaneous,Micro Import (US$ Thousand),81258054.63,7.661
Germany,2010,Import,Plastic or Rubber,Micro Import (US$ Thousand),51143243.06,4.8218
Germany,2010,Import,Stone and Glass,Micro Import (US$ Thousand),27208681.16,2.5652
Germany,2010,Import,Textiles and Clothing,Micro Import (US$ Thousand),47199934.47,4.45
Germany,2010,Import,Transportation,Micro Import (US$ Thousand),122786661.6,11.5763
Germany,2010,Import,Vegetable,Micro Import (US$ Thousand),34190047.38,3.2234
Germany,2010,Import,Wood,Micro Import (US$ Thousand),30694146.16,2.8938
Germany,2011,Export,  All Products,Export (US$ Thousand),1483802558,100
Germany,2011,Export, Capital goods,Macro Export (US$ Thousand),560307700.2,37.7616
Germany,2011,Export, Consumer goods,Macro Export (US$ Thousand),509493525,34.337
Germany,2011,Export, Intermediate goods,Macro Export (US$ Thousand),304289047,20.5074
Germany,2011,Export, Raw materials,Macro Export (US$ Thousand),47054181.43,3.1712
Germany,2011,Export,Other,Macro Export (US$ Thousand),62658104.41,4.2228
Germany,2011,Export,Animal,Micro Export (US$ Thousand),25489648.06,1.7179
Germany,2011,Export,Chemicals,Micro Export (US$ Thousand),172814512.9,11.6467
Germany,2011,Export,Food Products,Micro Export (US$ Thousand),42046385.32,2.8337
Germany,2011,Export,Footwear,Micro Export (US$ Thousand),6057499.381,0.4082
Germany,2011,Export,Fuels,Micro Export (US$ Thousand),37098662.33,2.5002
Germany,2011,Export,Hides and Skins,Micro Export (US$ Thousand),3853177.288,0.2597
Germany,2011,Export,Mach and Elec,Micro Export (US$ Thousand),406624762.5,27.4042
Germany,2011,Export,Metals,Micro Export (US$ Thousand),127408208,8.5866
Germany,2011,Export,Minerals,Micro Export (US$ Thousand),3476086.308,0.2343
Germany,2011,Export,Miscellaneous,Micro Export (US$ Thousand),147110186.6,9.9144
Germany,2011,Export,Plastic or Rubber,Micro Export (US$ Thousand),80732564.18,5.4409
Germany,2011,Export,Stone and Glass,Micro Export (US$ Thousand),36753962.53,2.477
Germany,2011,Export,Textiles and Clothing,Micro Export (US$ Thousand),37838390.96,2.5501
Germany,2011,Export,Transportation,Micro Export (US$ Thousand),294367423,19.8387
Germany,2011,Export,Vegetable,Micro Export (US$ Thousand),19010604.4,1.2812
Germany,2011,Export,Wood,Micro Export (US$ Thousand),43120484.27,2.9061
Germany,2011,Import,  All Products,Import (US$ Thousand),1261588484,100
Germany,2011,Import, Capital goods,Macro Import (US$ Thousand),362075225.6,28.6999
Germany,2011,Import, Consumer goods,Macro Import (US$ Thousand),412504027.4,32.6972
Germany,2011,Import, Intermediate goods,Macro Import (US$ Thousand),277865870.9,22.0251
Germany,2011,Import, Raw materials,Macro Import (US$ Thousand),161788557.8,12.8242
Germany,2011,Import,Other,Macro Import (US$ Thousand),47354802.53,3.7536
Germany,2011,Import,Animal,Micro Import (US$ Thousand),24293027.33,1.9256
Germany,2011,Import,Chemicals,Micro Import (US$ Thousand),130339512.9,10.3314
Germany,2011,Import,Food Products,Micro Import (US$ Thousand),37725513.91,2.9903
Germany,2011,Import,Footwear,Micro Import (US$ Thousand),10969357.59,0.8695
Germany,2011,Import,Fuels,Micro Import (US$ Thousand),170967238.5,13.5517
Germany,2011,Import,Hides and Skins,Micro Import (US$ Thousand),5709839.386,0.4526
Germany,2011,Import,Mach and Elec,Micro Import (US$ Thousand),287637842.2,22.7997
Germany,2011,Import,Metals,Micro Import (US$ Thousand),116309750.9,9.2193
Germany,2011,Import,Minerals,Micro Import (US$ Thousand),16095392.68,1.2758
Germany,2011,Import,Miscellaneous,Micro Import (US$ Thousand),95234808.72,7.5488
Germany,2011,Import,Plastic or Rubber,Micro Import (US$ Thousand),63242740.53,5.0129
Germany,2011,Import,Stone and Glass,Micro Import (US$ Thousand),33960223.85,2.6919
Germany,2011,Import,Textiles and Clothing,Micro Import (US$ Thousand),56194145.48,4.4542
Germany,2011,Import,Transportation,Micro Import (US$ Thousand),136640176.3,10.8308
Germany,2011,Import,Vegetable,Micro Import (US$ Thousand),42156336.01,3.3415
Germany,2011,Import,Wood,Micro Import (US$ Thousand),34112577.97,2.7039
Germany,2012,Export,  All Products,Export (US$ Thousand),1412396694,100
Germany,2012,Export, Capital goods,Macro Export (US$ Thousand),539066865.8,38.1668
Germany,2012,Export, Consumer goods,Macro Export (US$ Thousand),484520766.2,34.3049
Germany,2012,Export, Intermediate goods,Macro Export (US$ Thousand),285659566.4,20.2252
Germany,2012,Export, Raw materials,Macro Export (US$ Thousand),43570926.04,3.0849
Germany,2012,Export,Other,Macro Export (US$ Thousand),59578569.38,4.2182
Germany,2012,Export,Animal,Micro Export (US$ Thousand),24512432.16,1.7355
Germany,2012,Export,Chemicals,Micro Export (US$ Thousand),170423875.9,12.0663
Germany,2012,Export,Food Products,Micro Export (US$ Thousand),41395681.07,2.9309
Germany,2012,Export,Footwear,Micro Export (US$ Thousand),5089685.529,0.3604
Germany,2012,Export,Fuels,Micro Export (US$ Thousand),36926296.85,2.6144
Germany,2012,Export,Hides and Skins,Micro Export (US$ Thousand),3610055.923,0.2556
Germany,2012,Export,Mach and Elec,Micro Export (US$ Thousand),379678096.5,26.8818
Germany,2012,Export,Metals,Micro Export (US$ Thousand),115098931.5,8.1492
Germany,2012,Export,Minerals,Micro Export (US$ Thousand),3015912.244,0.2135
Germany,2012,Export,Miscellaneous,Micro Export (US$ Thousand),142636526,10.0989
Germany,2012,Export,Plastic or Rubber,Micro Export (US$ Thousand),75529832.1,5.3476
Germany,2012,Export,Stone and Glass,Micro Export (US$ Thousand),34170603.29,2.4193
Germany,2012,Export,Textiles and Clothing,Micro Export (US$ Thousand),33738690.02,2.3888
Germany,2012,Export,Transportation,Micro Export (US$ Thousand),289490553.3,20.4964
Germany,2012,Export,Vegetable,Micro Export (US$ Thousand),18344207.37,1.2988
Germany,2012,Export,Wood,Micro Export (US$ Thousand),38735314.02,2.7425
Germany,2012,Import,  All Products,Import (US$ Thousand),1163386794,100
Germany,2012,Import, Capital goods,Macro Import (US$ Thousand),330482159.8,28.4069
Germany,2012,Import, Consumer goods,Macro Import (US$ Thousand),384014383.5,33.0083
Germany,2012,Import, Intermediate goods,Macro Import (US$ Thousand),244803965.1,21.0424
Germany,2012,Import, Raw materials,Macro Import (US$ Thousand),159466734.8,13.7071
Germany,2012,Import,Other,Macro Import (US$ Thousand),44619551.15,3.8353
Germany,2012,Import,Animal,Micro Import (US$ Thousand),23049572.28,1.9812
Germany,2012,Import,Chemicals,Micro Import (US$ Thousand),120196985.6,10.3316
Germany,2012,Import,Food Products,Micro Import (US$ Thousand),36988325.05,3.1794
Germany,2012,Import,Footwear,Micro Import (US$ Thousand),10092176.54,0.8675
Germany,2012,Import,Fuels,Micro Import (US$ Thousand),167306393.2,14.381
Germany,2012,Import,Hides and Skins,Micro Import (US$ Thousand),5207249.55,0.4476
Germany,2012,Import,Mach and Elec,Micro Import (US$ Thousand),261904154.2,22.5122
Germany,2012,Import,Metals,Micro Import (US$ Thousand),100477795.9,8.6367
Germany,2012,Import,Minerals,Micro Import (US$ Thousand),13576415.79,1.167
Germany,2012,Import,Miscellaneous,Micro Import (US$ Thousand),90057216.16,7.741
Germany,2012,Import,Plastic or Rubber,Micro Import (US$ Thousand),57897636.96,4.9766
Germany,2012,Import,Stone and Glass,Micro Import (US$ Thousand),30386568.66,2.6119
Germany,2012,Import,Textiles and Clothing,Micro Import (US$ Thousand),49154652.54,4.2251
Germany,2012,Import,Transportation,Micro Import (US$ Thousand),126118388.2,10.8406
Germany,2012,Import,Vegetable,Micro Import (US$ Thousand),40017583.35,3.4397
Germany,2012,Import,Wood,Micro Import (US$ Thousand),30955680.43,2.6608
Germany,2013,Export,  All Products,Export (US$ Thousand),1450937515,100
Germany,2013,Export, Capital goods,Macro Export (US$ Thousand),554791511.1,38.2368
Germany,2013,Export, Consumer goods,Macro Export (US$ Thousand),501595071.9,34.5704
Germany,2013,Export, Intermediate goods,Macro Export (US$ Thousand),286817343.8,19.7677
Germany,2013,Export, Raw materials,Macro Export (US$ Thousand),43916802.04,3.0268
Germany,2013,Export,Other,Macro Export (US$ Thousand),63816786.49,4.3983
Germany,2013,Export,Animal,Micro Export (US$ Thousand),27154236.24,1.8715
Germany,2013,Export,Chemicals,Micro Export (US$ Thousand),178222855.4,12.2833
Germany,2013,Export,Food Products,Micro Export (US$ Thousand),43939541.44,3.0284
Germany,2013,Export,Footwear,Micro Export (US$ Thousand),5768426.112,0.3976
Germany,2013,Export,Fuels,Micro Export (US$ Thousand),36403369.06,2.509
Germany,2013,Export,Hides and Skins,Micro Export (US$ Thousand),3842923.749,0.2649
Germany,2013,Export,Mach and Elec,Micro Export (US$ Thousand),387697248.3,26.7205
Germany,2013,Export,Metals,Micro Export (US$ Thousand),114360899.7,7.8819
Germany,2013,Export,Minerals,Micro Export (US$ Thousand),3070316.902,0.2116
Germany,2013,Export,Miscellaneous,Micro Export (US$ Thousand),147878691.1,10.1919
Germany,2013,Export,Plastic or Rubber,Micro Export (US$ Thousand),78811065.65,5.4317
Germany,2013,Export,Stone and Glass,Micro Export (US$ Thousand),32124985.15,2.2141
Germany,2013,Export,Textiles and Clothing,Micro Export (US$ Thousand),34826225.76,2.4003
Germany,2013,Export,Transportation,Micro Export (US$ Thousand),296663428.9,20.4463
Germany,2013,Export,Vegetable,Micro Export (US$ Thousand),20312008.7,1.3999
Germany,2013,Export,Wood,Micro Export (US$ Thousand),39861293.13,2.7473
Germany,2013,Import,  All Products,Import (US$ Thousand),1187301533,100
Germany,2013,Import, Capital goods,Macro Import (US$ Thousand),338129584.7,28.4788
Germany,2013,Import, Consumer goods,Macro Import (US$ Thousand),396636902.8,33.4066
Germany,2013,Import, Intermediate goods,Macro Import (US$ Thousand),246269740.8,20.742
Germany,2013,Import, Raw materials,Macro Import (US$ Thousand),157784807.5,13.2894
Germany,2013,Import,Other,Macro Import (US$ Thousand),48480497.34,4.0832
Germany,2013,Import,Animal,Micro Import (US$ Thousand),25142029.99,2.1176
Germany,2013,Import,Chemicals,Micro Import (US$ Thousand),122954676.4,10.3558
Germany,2013,Import,Food Products,Micro Import (US$ Thousand),38557803.26,3.2475
Germany,2013,Import,Footwear,Micro Import (US$ Thousand),10970812.39,0.924
Germany,2013,Import,Fuels,Micro Import (US$ Thousand),168930182,14.2281
Germany,2013,Import,Hides and Skins,Micro Import (US$ Thousand),5628930.422,0.4741
Germany,2013,Import,Mach and Elec,Micro Import (US$ Thousand),263475213.3,22.1911
Germany,2013,Import,Metals,Micro Import (US$ Thousand),99379651.83,8.3702
Germany,2013,Import,Minerals,Micro Import (US$ Thousand),12607865.64,1.0619
Germany,2013,Import,Miscellaneous,Micro Import (US$ Thousand),92128391.03,7.7595
Germany,2013,Import,Plastic or Rubber,Micro Import (US$ Thousand),60405433.9,5.0876
Germany,2013,Import,Stone and Glass,Micro Import (US$ Thousand),30780785.36,2.5925
Germany,2013,Import,Textiles and Clothing,Micro Import (US$ Thousand),51238543.7,4.3155
Germany,2013,Import,Transportation,Micro Import (US$ Thousand),131436969.4,11.0702
Germany,2013,Import,Vegetable,Micro Import (US$ Thousand),41931578.68,3.5317
Germany,2013,Import,Wood,Micro Import (US$ Thousand),31732665.83,2.6727
Germany,2014,Export,  All Products,Export (US$ Thousand),1498238432,100
Germany,2014,Export, Capital goods,Macro Export (US$ Thousand),569498398.2,38.0112
Germany,2014,Export, Consumer goods,Macro Export (US$ Thousand),525679676.3,35.0865
Germany,2014,Export, Intermediate goods,Macro Export (US$ Thousand),289369755.1,19.314
Germany,2014,Export, Raw materials,Macro Export (US$ Thousand),43516040.08,2.9045
Germany,2014,Export,Other,Macro Export (US$ Thousand),70174562.69,4.6838
Germany,2014,Export,Animal,Micro Export (US$ Thousand),27272811,1.8203
Germany,2014,Export,Chemicals,Micro Export (US$ Thousand),184433369.2,12.31
Germany,2014,Export,Food Products,Micro Export (US$ Thousand),45866621.88,3.0614
Germany,2014,Export,Footwear,Micro Export (US$ Thousand),6510024.66,0.4345
Germany,2014,Export,Fuels,Micro Export (US$ Thousand),35393106.54,2.3623
Germany,2014,Export,Hides and Skins,Micro Export (US$ Thousand),4112754.068,0.2745
Germany,2014,Export,Mach and Elec,Micro Export (US$ Thousand),397842153.4,26.554
Germany,2014,Export,Metals,Micro Export (US$ Thousand),116162378.4,7.7533
Germany,2014,Export,Minerals,Micro Export (US$ Thousand),3003615.64,0.2005
Germany,2014,Export,Miscellaneous,Micro Export (US$ Thousand),156100098.5,10.4189
Germany,2014,Export,Plastic or Rubber,Micro Export (US$ Thousand),81149545.54,5.4163
Germany,2014,Export,Stone and Glass,Micro Export (US$ Thousand),30364995.6,2.0267
Germany,2014,Export,Textiles and Clothing,Micro Export (US$ Thousand),36395128.57,2.4292
Germany,2014,Export,Transportation,Micro Export (US$ Thousand),313373742.4,20.9161
Germany,2014,Export,Vegetable,Micro Export (US$ Thousand),19521927.01,1.303
Germany,2014,Export,Wood,Micro Export (US$ Thousand),40736160.02,2.7189
Germany,2014,Import,  All Products,Import (US$ Thousand),1214915242,100
Germany,2014,Import, Capital goods,Macro Import (US$ Thousand),355055592.5,29.2247
Germany,2014,Import, Consumer goods,Macro Import (US$ Thousand),408609169.7,33.6327
Germany,2014,Import, Intermediate goods,Macro Import (US$ Thousand),251455383.2,20.6974
Germany,2014,Import, Raw materials,Macro Import (US$ Thousand),146884503.4,12.0901
Germany,2014,Import,Other,Macro Import (US$ Thousand),52910593.14,4.3551
Germany,2014,Import,Animal,Micro Import (US$ Thousand),25887939.88,2.1308
Germany,2014,Import,Chemicals,Micro Import (US$ Thousand),128637896.3,10.5882
Germany,2014,Import,Food Products,Micro Import (US$ Thousand),39696626.05,3.2674
Germany,2014,Import,Footwear,Micro Import (US$ Thousand),12306525.66,1.013
Germany,2014,Import,Fuels,Micro Import (US$ Thousand),150875583,12.4186
Germany,2014,Import,Hides and Skins,Micro Import (US$ Thousand),6107099.773,0.5027
Germany,2014,Import,Mach and Elec,Micro Import (US$ Thousand),277977783,22.8804
Germany,2014,Import,Metals,Micro Import (US$ Thousand),102395933.2,8.4282
Germany,2014,Import,Minerals,Micro Import (US$ Thousand),12488760.64,1.028
Germany,2014,Import,Miscellaneous,Micro Import (US$ Thousand),99250218.07,8.1693
Germany,2014,Import,Plastic or Rubber,Micro Import (US$ Thousand),62186638.66,5.1186
Germany,2014,Import,Stone and Glass,Micro Import (US$ Thousand),29125242.53,2.3973
Germany,2014,Import,Textiles and Clothing,Micro Import (US$ Thousand),54147295,4.4569
Germany,2014,Import,Transportation,Micro Import (US$ Thousand),138985222,11.4399
Germany,2014,Import,Vegetable,Micro Import (US$ Thousand),41503341.51,3.4162
Germany,2014,Import,Wood,Micro Import (US$ Thousand),33343136.82,2.7445
Germany,2015,Export,  All Products,Export (US$ Thousand),1328500249,100
Germany,2015,Export, Capital goods,Macro Export (US$ Thousand),506178367.8,38.1015
Germany,2015,Export, Consumer goods,Macro Export (US$ Thousand),476147686.1,35.841
Germany,2015,Export, Intermediate goods,Macro Export (US$ Thousand),247623739.7,18.6393
Germany,2015,Export, Raw materials,Macro Export (US$ Thousand),35667908.49,2.6848
Germany,2015,Export,Other,Macro Export (US$ Thousand),62882546.43,4.7334
Germany,2015,Export,Animal,Micro Export (US$ Thousand),21501126.66,1.6185
Germany,2015,Export,Chemicals,Micro Export (US$ Thousand),165052227.9,12.424
Germany,2015,Export,Food Products,Micro Export (US$ Thousand),40566757.88,3.0536
Germany,2015,Export,Footwear,Micro Export (US$ Thousand),5842284.701,0.4398
Germany,2015,Export,Fuels,Micro Export (US$ Thousand),29770087.21,2.2409
Germany,2015,Export,Hides and Skins,Micro Export (US$ Thousand),3506095.066,0.2639
Germany,2015,Export,Mach and Elec,Micro Export (US$ Thousand),347718129.4,26.1737
Germany,2015,Export,Metals,Micro Export (US$ Thousand),98242444.55,7.395
Germany,2015,Export,Minerals,Micro Export (US$ Thousand),2594348.537,0.1953
Germany,2015,Export,Miscellaneous,Micro Export (US$ Thousand),139349753,10.4893
Germany,2015,Export,Plastic or Rubber,Micro Export (US$ Thousand),69749204.51,5.2502
Germany,2015,Export,Stone and Glass,Micro Export (US$ Thousand),25955148.99,1.9537
Germany,2015,Export,Textiles and Clothing,Micro Export (US$ Thousand),31224534.43,2.3504
Germany,2015,Export,Transportation,Micro Export (US$ Thousand),295133722.7,22.2156
Germany,2015,Export,Vegetable,Micro Export (US$ Thousand),17629784.15,1.327
Germany,2015,Export,Wood,Micro Export (US$ Thousand),34664598.73,2.6093
Germany,2015,Import,  All Products,Import (US$ Thousand),1057535854,100
Germany,2015,Import, Capital goods,Macro Import (US$ Thousand),321746574,30.4242
Germany,2015,Import, Consumer goods,Macro Import (US$ Thousand),362627216.1,34.2898
Germany,2015,Import, Intermediate goods,Macro Import (US$ Thousand),219910199.8,20.7946
Germany,2015,Import, Raw materials,Macro Import (US$ Thousand),104693711.1,9.8998
Germany,2015,Import,Other,Macro Import (US$ Thousand),48558152.51,4.5916
Germany,2015,Import,Animal,Micro Import (US$ Thousand),21352864.56,2.0191
Germany,2015,Import,Chemicals,Micro Import (US$ Thousand),116666566,11.0319
Germany,2015,Import,Food Products,Micro Import (US$ Thousand),35265502.66,3.3347
Germany,2015,Import,Footwear,Micro Import (US$ Thousand),11761547.32,1.1122
Germany,2015,Import,Fuels,Micro Import (US$ Thousand),99639046.49,9.4218
Germany,2015,Import,Hides and Skins,Micro Import (US$ Thousand),5486579.07,0.5188
Germany,2015,Import,Mach and Elec,Micro Import (US$ Thousand),252203860.7,23.8483
Germany,2015,Import,Metals,Micro Import (US$ Thousand),87866416.88,8.3086
Germany,2015,Import,Minerals,Micro Import (US$ Thousand),9175462.69,0.8676
Germany,2015,Import,Miscellaneous,Micro Import (US$ Thousand),92432184.12,8.7403
Germany,2015,Import,Plastic or Rubber,Micro Import (US$ Thousand),54013609.58,5.1075
Germany,2015,Import,Stone and Glass,Micro Import (US$ Thousand),26484858.89,2.5044
Germany,2015,Import,Textiles and Clothing,Micro Import (US$ Thousand),48267594.59,4.5642
Germany,2015,Import,Transportation,Micro Import (US$ Thousand),130310405.2,12.3221
Germany,2015,Import,Vegetable,Micro Import (US$ Thousand),37406498.77,3.5371
Germany,2015,Import,Wood,Micro Import (US$ Thousand),29202856.1,2.7614
Germany,2016,Export,  All Products,Export (US$ Thousand),1337236558,100
Germany,2016,Export, Capital goods,Macro Export (US$ Thousand),517828228.4,38.7238
Germany,2016,Export, Consumer goods,Macro Export (US$ Thousand),477193316.5,35.685
Germany,2016,Export, Intermediate goods,Macro Export (US$ Thousand),244846220.3,18.3099
Germany,2016,Export, Raw materials,Macro Export (US$ Thousand),34956851.59,2.6141
Germany,2016,Export,Other,Macro Export (US$ Thousand),62411940.84,4.6672
Germany,2016,Export,Animal,Micro Export (US$ Thousand),21622891.81,1.617
Germany,2016,Export,Chemicals,Micro Export (US$ Thousand),165086957.6,12.3454
Germany,2016,Export,Food Products,Micro Export (US$ Thousand),42195966.31,3.1555
Germany,2016,Export,Footwear,Micro Export (US$ Thousand),6702984.646,0.5013
Germany,2016,Export,Fuels,Micro Export (US$ Thousand),23076041.32,1.7257
Germany,2016,Export,Hides and Skins,Micro Export (US$ Thousand),3490526.807,0.261
Germany,2016,Export,Mach and Elec,Micro Export (US$ Thousand),352352139.1,26.3493
Germany,2016,Export,Metals,Micro Export (US$ Thousand),95074690.86,7.1098
Germany,2016,Export,Minerals,Micro Export (US$ Thousand),2610711.585,0.1952
Germany,2016,Export,Miscellaneous,Micro Export (US$ Thousand),142229415.9,10.6361
Germany,2016,Export,Plastic or Rubber,Micro Export (US$ Thousand),71366639.89,5.3369
Germany,2016,Export,Stone and Glass,Micro Export (US$ Thousand),26963386.72,2.0164
Germany,2016,Export,Textiles and Clothing,Micro Export (US$ Thousand),31713285.44,2.3716
Germany,2016,Export,Transportation,Micro Export (US$ Thousand),299954681,22.4309
Germany,2016,Export,Vegetable,Micro Export (US$ Thousand),17805062.98,1.3315
Germany,2016,Export,Wood,Micro Export (US$ Thousand),34991175.75,2.6167
Germany,2016,Import,  All Products,Import (US$ Thousand),1060882070,100
Germany,2016,Import, Capital goods,Macro Import (US$ Thousand),331995354.9,31.2943
Germany,2016,Import, Consumer goods,Macro Import (US$ Thousand),362983086.9,34.2152
Germany,2016,Import, Intermediate goods,Macro Import (US$ Thousand),211522107,19.9383
Germany,2016,Import, Raw materials,Macro Import (US$ Thousand),95651865.04,9.0163
Germany,2016,Import,Other,Macro Import (US$ Thousand),58729656.28,5.5359
Germany,2016,Import,Animal,Micro Import (US$ Thousand),22445508.85,2.1157
Germany,2016,Import,Chemicals,Micro Import (US$ Thousand),117759145.1,11.1001
Germany,2016,Import,Food Products,Micro Import (US$ Thousand),36100209.12,3.4028
Germany,2016,Import,Footwear,Micro Import (US$ Thousand),12327634.44,1.162
Germany,2016,Import,Fuels,Micro Import (US$ Thousand),78322470.16,7.3828
Germany,2016,Import,Hides and Skins,Micro Import (US$ Thousand),5478581.842,0.5164
Germany,2016,Import,Mach and Elec,Micro Import (US$ Thousand),259697238.8,24.4794
Germany,2016,Import,Metals,Micro Import (US$ Thousand),85455430.12,8.0551
Germany,2016,Import,Minerals,Micro Import (US$ Thousand),8487835.517,0.8001
Germany,2016,Import,Miscellaneous,Micro Import (US$ Thousand),97407185.14,9.1817
Germany,2016,Import,Plastic or Rubber,Micro Import (US$ Thousand),55076643.28,5.1916
Germany,2016,Import,Stone and Glass,Micro Import (US$ Thousand),27678549.26,2.609
Germany,2016,Import,Textiles and Clothing,Micro Import (US$ Thousand),49509795.52,4.6669
Germany,2016,Import,Transportation,Micro Import (US$ Thousand),136782768.2,12.8933
Germany,2016,Import,Vegetable,Micro Import (US$ Thousand),38518384.2,3.6308
Germany,2016,Import,Wood,Micro Import (US$ Thousand),29834690.59,2.8123
Germany,2017,Export,  All Products,Export (US$ Thousand),1446642435,100
Germany,2017,Export, Capital goods,Macro Export (US$ Thousand),568000341.7,39.2634
Germany,2017,Export, Consumer goods,Macro Export (US$ Thousand),512276926,35.4114
Germany,2017,Export, Intermediate goods,Macro Export (US$ Thousand),270450029.4,18.695
Germany,2017,Export, Raw materials,Macro Export (US$ Thousand),37516589.99,2.5934
Germany,2017,Export,Other,Macro Export (US$ Thousand),58398548.14,4.0368
Germany,2017,Export,Animal,Micro Export (US$ Thousand),23512074,1.6253
Germany,2017,Export,Chemicals,Micro Export (US$ Thousand),178418580.8,12.3333
Germany,2017,Export,Food Products,Micro Export (US$ Thousand),44001074.1,3.0416
Germany,2017,Export,Footwear,Micro Export (US$ Thousand),8338825.369,0.5764
Germany,2017,Export,Fuels,Micro Export (US$ Thousand),26149968.66,1.8076
Germany,2017,Export,Hides and Skins,Micro Export (US$ Thousand),3784959.191,0.2616
Germany,2017,Export,Mach and Elec,Micro Export (US$ Thousand),391418276.3,27.057
Germany,2017,Export,Metals,Micro Export (US$ Thousand),107275906.9,7.4155
Germany,2017,Export,Minerals,Micro Export (US$ Thousand),3458305.415,0.2391
Germany,2017,Export,Miscellaneous,Micro Export (US$ Thousand),150250238.3,10.3861
Germany,2017,Export,Plastic or Rubber,Micro Export (US$ Thousand),80595646.23,5.5712
Germany,2017,Export,Stone and Glass,Micro Export (US$ Thousand),27584625.89,1.9068
Germany,2017,Export,Textiles and Clothing,Micro Export (US$ Thousand),35562125.1,2.4583
Germany,2017,Export,Transportation,Micro Export (US$ Thousand),311825140.6,21.5551
Germany,2017,Export,Vegetable,Micro Export (US$ Thousand),18043330.59,1.2473
Germany,2017,Export,Wood,Micro Export (US$ Thousand),36423357.79,2.5178
Germany,2017,Import,  All Products,Import (US$ Thousand),1167753355,100
Germany,2017,Import, Capital goods,Macro Import (US$ Thousand),361193165.1,30.9306
Germany,2017,Import, Consumer goods,Macro Import (US$ Thousand),390421791.2,33.4336
Germany,2017,Import, Intermediate goods,Macro Import (US$ Thousand),240405761.5,20.587
Germany,2017,Import, Raw materials,Macro Import (US$ Thousand),111941104,9.586
Germany,2017,Import,Other,Macro Import (US$ Thousand),63791533.41,5.4628
Germany,2017,Import,Animal,Micro Import (US$ Thousand),24065406.82,2.0608
Germany,2017,Import,Chemicals,Micro Import (US$ Thousand),129246296.8,11.0679
Germany,2017,Import,Food Products,Micro Import (US$ Thousand),38549252.32,3.3011
Germany,2017,Import,Footwear,Micro Import (US$ Thousand),13756293.65,1.178
Germany,2017,Import,Fuels,Micro Import (US$ Thousand),92127407.63,7.8893
Germany,2017,Import,Hides and Skins,Micro Import (US$ Thousand),5752698.729,0.4926
Germany,2017,Import,Mach and Elec,Micro Import (US$ Thousand),287131623.7,24.5884
Germany,2017,Import,Metals,Micro Import (US$ Thousand),98820309.46,8.4624
Germany,2017,Import,Minerals,Micro Import (US$ Thousand),11551318.01,0.9892
Germany,2017,Import,Miscellaneous,Micro Import (US$ Thousand),107204475.8,9.1804
Germany,2017,Import,Plastic or Rubber,Micro Import (US$ Thousand),60691119.05,5.1973
Germany,2017,Import,Stone and Glass,Micro Import (US$ Thousand),28517225.62,2.4421
Germany,2017,Import,Textiles and Clothing,Micro Import (US$ Thousand),52639602.86,4.5078
Germany,2017,Import,Transportation,Micro Import (US$ Thousand),146710000.5,12.5634
Germany,2017,Import,Vegetable,Micro Import (US$ Thousand),40079402.81,3.4322
Germany,2017,Import,Wood,Micro Import (US$ Thousand),30910921.36,2.647
Germany,2018,Export,  All Products,Export (US$ Thousand),1562418816,100
Germany,2018,Export, Capital goods,Macro Export (US$ Thousand),621786534.3,39.7964
Germany,2018,Export, Consumer goods,Macro Export (US$ Thousand),544090494.9,34.8236
Germany,2018,Export, Intermediate goods,Macro Export (US$ Thousand),292976216.9,18.7515
Germany,2018,Export, Raw materials,Macro Export (US$ Thousand),38142595.2,2.4413
Germany,2018,Export,Other,Macro Export (US$ Thousand),65422974.93,4.1872
Germany,2018,Export,Animal,Micro Export (US$ Thousand),23295752.34,1.491
Germany,2018,Export,Chemicals,Micro Export (US$ Thousand),200393294.1,12.8258
Germany,2018,Export,Food Products,Micro Export (US$ Thousand),46927901.9,3.0035
Germany,2018,Export,Footwear,Micro Export (US$ Thousand),9543098.146,0.6108
Germany,2018,Export,Fuels,Micro Export (US$ Thousand),33282784.6,2.1302
Germany,2018,Export,Hides and Skins,Micro Export (US$ Thousand),4003031.335,0.2562
Germany,2018,Export,Mach and Elec,Micro Export (US$ Thousand),430270641.5,27.5388
Germany,2018,Export,Metals,Micro Export (US$ Thousand),117569930.6,7.5249
Germany,2018,Export,Minerals,Micro Export (US$ Thousand),3675051.541,0.2352
Germany,2018,Export,Miscellaneous,Micro Export (US$ Thousand),161535482.9,10.3388
Germany,2018,Export,Plastic or Rubber,Micro Export (US$ Thousand),83926934.58,5.3716
Germany,2018,Export,Stone and Glass,Micro Export (US$ Thousand),30583844.52,1.9575
Germany,2018,Export,Textiles and Clothing,Micro Export (US$ Thousand),39706725.6,2.5414
Germany,2018,Export,Transportation,Micro Export (US$ Thousand),319218668.7,20.4311
Germany,2018,Export,Vegetable,Micro Export (US$ Thousand),18079025.43,1.1571
Germany,2018,Export,Wood,Micro Export (US$ Thousand),40406648.63,2.5862
Germany,2018,Import,  All Products,Import (US$ Thousand),1292726052,100
Germany,2018,Import, Capital goods,Macro Import (US$ Thousand),393746493.4,30.4586
Germany,2018,Import, Consumer goods,Macro Import (US$ Thousand),428879801.3,33.1764
Germany,2018,Import, Intermediate goods,Macro Import (US$ Thousand),270742018.1,20.9435
Germany,2018,Import, Raw materials,Macro Import (US$ Thousand),123971234.3,9.5899
Germany,2018,Import,Other,Macro Import (US$ Thousand),75386505.1,5.8316
Germany,2018,Import,Animal,Micro Import (US$ Thousand),24329874.82,1.8821
Germany,2018,Import,Chemicals,Micro Import (US$ Thousand),149380205,11.5554
Germany,2018,Import,Food Products,Micro Import (US$ Thousand),41602977.71,3.2182
Germany,2018,Import,Footwear,Micro Import (US$ Thousand),14585773.88,1.1283
Germany,2018,Import,Fuels,Micro Import (US$ Thousand),117698928.6,9.1047
Germany,2018,Import,Hides and Skins,Micro Import (US$ Thousand),5925017.761,0.4583
Germany,2018,Import,Mach and Elec,Micro Import (US$ Thousand),315612728.6,24.4145
Germany,2018,Import,Metals,Micro Import (US$ Thousand),110600272.6,8.5556
Germany,2018,Import,Minerals,Micro Import (US$ Thousand),12675897.43,0.9806
Germany,2018,Import,Miscellaneous,Micro Import (US$ Thousand),117547229.1,9.093
Germany,2018,Import,Plastic or Rubber,Micro Import (US$ Thousand),66255811.31,5.1253
Germany,2018,Import,Stone and Glass,Micro Import (US$ Thousand),30018830.92,2.3221
Germany,2018,Import,Textiles and Clothing,Micro Import (US$ Thousand),55827965.53,4.3186
Germany,2018,Import,Transportation,Micro Import (US$ Thousand),154942951.6,11.9858
Germany,2018,Import,Vegetable,Micro Import (US$ Thousand),41565770.99,3.2154
Germany,2018,Import,Wood,Micro Import (US$ Thousand),34155816.44,2.6422
