reporter_name,_year,trade_flow,product_group,_indicator,total_dollars,total_perc
Indonesia,2008,Export,  All Products,Export (US$ Thousand),137020424.4,100
Indonesia,2008,Export, Capital goods,Macro Export (US$ Thousand),13902203.36,10.1461
Indonesia,2008,Export, Consumer goods,Macro Export (US$ Thousand),43997128.19,32.1099
Indonesia,2008,Export, Intermediate goods,Macro Export (US$ Thousand),40617744.51,29.6436
Indonesia,2008,Export, Raw materials,Macro Export (US$ Thousand),38303969.56,27.9549
Indonesia,2008,Export,Other,Macro Export (US$ Thousand),199378.775,0.1455
Indonesia,2008,Export,Animal,Micro Export (US$ Thousand),2343347.148,1.7102
Indonesia,2008,Export,Chemicals,Micro Export (US$ Thousand),5008538.402,3.6553
Indonesia,2008,Export,Food Products,Micro Export (US$ Thousand),3703995.947,2.7032
Indonesia,2008,Export,Footwear,Micro Export (US$ Thousand),2048132.05,1.4948
Indonesia,2008,Export,Fuels,Micro Export (US$ Thousand),39782511.66,29.034
Indonesia,2008,Export,Hides and Skins,Micro Export (US$ Thousand),356606.881,0.2603
Indonesia,2008,Export,Mach and Elec,Micro Export (US$ Thousand),13477420.68,9.8361
Indonesia,2008,Export,Metals,Micro Export (US$ Thousand),9856772.895,7.1937
Indonesia,2008,Export,Minerals,Micro Export (US$ Thousand),4581531.286,3.3437
Indonesia,2008,Export,Miscellaneous,Micro Export (US$ Thousand),3473860.17,2.5353
Indonesia,2008,Export,Plastic or Rubber,Micro Export (US$ Thousand),9769643.826,7.1301
Indonesia,2008,Export,Stone and Glass,Micro Export (US$ Thousand),1939635.545,1.4156
Indonesia,2008,Export,Textiles and Clothing,Micro Export (US$ Thousand),10144881.4,7.4039
Indonesia,2008,Export,Transportation,Micro Export (US$ Thousand),3767409.642,2.7495
Indonesia,2008,Export,Vegetable,Micro Export (US$ Thousand),18609947.9,13.5819
Indonesia,2008,Export,Wood,Micro Export (US$ Thousand),8156188.987,5.9525
Indonesia,2008,Import,  All Products,Import (US$ Thousand),129244050.3,100
Indonesia,2008,Import, Capital goods,Macro Import (US$ Thousand),39365399.08,30.4582
Indonesia,2008,Import, Consumer goods,Macro Import (US$ Thousand),32824253.31,25.3971
Indonesia,2008,Import, Intermediate goods,Macro Import (US$ Thousand),37719797.11,29.1849
Indonesia,2008,Import, Raw materials,Macro Import (US$ Thousand),19305243.27,14.937
Indonesia,2008,Import,Other,Macro Import (US$ Thousand),29357.514,0.0228
Indonesia,2008,Import,Animal,Micro Import (US$ Thousand),1612886.28,1.2479
Indonesia,2008,Import,Chemicals,Micro Import (US$ Thousand),12740330.04,9.8576
Indonesia,2008,Import,Food Products,Micro Import (US$ Thousand),3511597.807,2.717
Indonesia,2008,Import,Footwear,Micro Import (US$ Thousand),194423.396,0.1504
Indonesia,2008,Import,Fuels,Micro Import (US$ Thousand),30682347.02,23.7399
Indonesia,2008,Import,Hides and Skins,Micro Import (US$ Thousand),417171.795,0.3228
Indonesia,2008,Import,Mach and Elec,Micro Import (US$ Thousand),32493429.79,25.1411
Indonesia,2008,Import,Metals,Micro Import (US$ Thousand),15175926.74,11.7421
Indonesia,2008,Import,Minerals,Micro Import (US$ Thousand),1330114.662,1.0291
Indonesia,2008,Import,Miscellaneous,Micro Import (US$ Thousand),2363515.996,1.8287
Indonesia,2008,Import,Plastic or Rubber,Micro Import (US$ Thousand),5365224.428,4.1512
Indonesia,2008,Import,Stone and Glass,Micro Import (US$ Thousand),709045.326,0.5486
Indonesia,2008,Import,Textiles and Clothing,Micro Import (US$ Thousand),5103585.178,3.9488
Indonesia,2008,Import,Transportation,Micro Import (US$ Thousand),10172530.2,7.8708
Indonesia,2008,Import,Vegetable,Micro Import (US$ Thousand),4505017.277,3.4857
Indonesia,2008,Import,Wood,Micro Import (US$ Thousand),2866904.357,2.2182
Indonesia,2009,Export,  All Products,Export (US$ Thousand),116509991.8,100
Indonesia,2009,Export, Capital goods,Macro Export (US$ Thousand),13680453.67,11.7419
Indonesia,2009,Export, Consumer goods,Macro Export (US$ Thousand),35590245.18,30.5469
Indonesia,2009,Export, Intermediate goods,Macro Export (US$ Thousand),31614792.6,27.1348
Indonesia,2009,Export, Raw materials,Macro Export (US$ Thousand),35461850.97,30.4367
Indonesia,2009,Export,Other,Macro Export (US$ Thousand),162649.367,0.1397
Indonesia,2009,Export,Animal,Micro Export (US$ Thousand),1997534.406,1.7145
Indonesia,2009,Export,Chemicals,Micro Export (US$ Thousand),4286192.075,3.6788
Indonesia,2009,Export,Food Products,Micro Export (US$ Thousand),3734511.479,3.2053
Indonesia,2009,Export,Footwear,Micro Export (US$ Thousand),1913963.592,1.6427
Indonesia,2009,Export,Fuels,Micro Export (US$ Thousand),32952279.51,28.2828
Indonesia,2009,Export,Hides and Skins,Micro Export (US$ Thousand),300643.07,0.258
Indonesia,2009,Export,Mach and Elec,Micro Export (US$ Thousand),12857368.54,11.0354
Indonesia,2009,Export,Metals,Micro Export (US$ Thousand),6977363.462,5.9886
Indonesia,2009,Export,Minerals,Micro Export (US$ Thousand),6029303.304,5.1749
Indonesia,2009,Export,Miscellaneous,Micro Export (US$ Thousand),3069553.045,2.6346
Indonesia,2009,Export,Plastic or Rubber,Micro Export (US$ Thousand),6685040.645,5.7377
Indonesia,2009,Export,Stone and Glass,Micro Export (US$ Thousand),1929719.646,1.6563
Indonesia,2009,Export,Textiles and Clothing,Micro Export (US$ Thousand),9263981.283,7.9512
Indonesia,2009,Export,Transportation,Micro Export (US$ Thousand),3150143.566,2.7038
Indonesia,2009,Export,Vegetable,Micro Export (US$ Thousand),14707499.48,12.6234
Indonesia,2009,Export,Wood,Micro Export (US$ Thousand),6654894.68,5.7119
Indonesia,2009,Import,  All Products,Import (US$ Thousand),96829162.58,100
Indonesia,2009,Import, Capital goods,Macro Import (US$ Thousand),33588528.2,34.6884
Indonesia,2009,Import, Consumer goods,Macro Import (US$ Thousand),21677256.23,22.3871
Indonesia,2009,Import, Intermediate goods,Macro Import (US$ Thousand),27212837.45,28.104
Indonesia,2009,Import, Raw materials,Macro Import (US$ Thousand),14329089.46,14.7983
Indonesia,2009,Import,Other,Macro Import (US$ Thousand),21451.239,0.0222
Indonesia,2009,Import,Animal,Micro Import (US$ Thousand),1502321.663,1.5515
Indonesia,2009,Import,Chemicals,Micro Import (US$ Thousand),9147644.412,9.4472
Indonesia,2009,Import,Food Products,Micro Import (US$ Thousand),3473702.85,3.5875
Indonesia,2009,Import,Footwear,Micro Import (US$ Thousand),153065.088,0.1581
Indonesia,2009,Import,Fuels,Micro Import (US$ Thousand),19090372.77,19.7155
Indonesia,2009,Import,Hides and Skins,Micro Import (US$ Thousand),300064.452,0.3099
Indonesia,2009,Import,Mach and Elec,Micro Import (US$ Thousand),25811729.33,26.657
Indonesia,2009,Import,Metals,Micro Import (US$ Thousand),9557108.44,9.8701
Indonesia,2009,Import,Minerals,Micro Import (US$ Thousand),840684.376,0.8682
Indonesia,2009,Import,Miscellaneous,Micro Import (US$ Thousand),2032695.804,2.0993
Indonesia,2009,Import,Plastic or Rubber,Micro Import (US$ Thousand),4341373.464,4.4835
Indonesia,2009,Import,Stone and Glass,Micro Import (US$ Thousand),515370.812,0.5322
Indonesia,2009,Import,Textiles and Clothing,Micro Import (US$ Thousand),4171165.638,4.3078
Indonesia,2009,Import,Transportation,Micro Import (US$ Thousand),9903356.003,10.2277
Indonesia,2009,Import,Vegetable,Micro Import (US$ Thousand),3863682.386,3.9902
Indonesia,2009,Import,Wood,Micro Import (US$ Thousand),2124825.087,2.1944
Indonesia,2010,Export,  All Products,Export (US$ Thousand),157779103.5,100
Indonesia,2010,Export, Capital goods,Macro Export (US$ Thousand),15115228.47,9.58
Indonesia,2010,Export, Consumer goods,Macro Export (US$ Thousand),48872342.15,30.9752
Indonesia,2010,Export, Intermediate goods,Macro Export (US$ Thousand),43579627.18,27.6207
Indonesia,2010,Export, Raw materials,Macro Export (US$ Thousand),49951093.52,31.6589
Indonesia,2010,Export,Other,Macro Export (US$ Thousand),260812.142,0.1652
Indonesia,2010,Export,Animal,Micro Export (US$ Thousand),2350413.589,1.4897
Indonesia,2010,Export,Chemicals,Micro Export (US$ Thousand),6172105.467,3.9119
Indonesia,2010,Export,Food Products,Micro Export (US$ Thousand),4463095.009,2.8287
Indonesia,2010,Export,Footwear,Micro Export (US$ Thousand),2736878.206,1.7346
Indonesia,2010,Export,Fuels,Micro Export (US$ Thousand),46765269.74,29.6397
Indonesia,2010,Export,Hides and Skins,Micro Export (US$ Thousand),371439.798,0.2354
Indonesia,2010,Export,Mach and Elec,Micro Export (US$ Thousand),15357807.72,9.7337
Indonesia,2010,Export,Metals,Micro Export (US$ Thousand),10139557.68,6.4264
Indonesia,2010,Export,Minerals,Micro Export (US$ Thousand),8313159.758,5.2689
Indonesia,2010,Export,Miscellaneous,Micro Export (US$ Thousand),3659856.261,2.3196
Indonesia,2010,Export,Plastic or Rubber,Micro Export (US$ Thousand),11525612.36,7.3049
Indonesia,2010,Export,Stone and Glass,Micro Export (US$ Thousand),2367376.847,1.5004
Indonesia,2010,Export,Textiles and Clothing,Micro Export (US$ Thousand),11224038,7.1138
Indonesia,2010,Export,Transportation,Micro Export (US$ Thousand),4176862.829,2.6473
Indonesia,2010,Export,Vegetable,Micro Export (US$ Thousand),19467609.01,12.3385
Indonesia,2010,Export,Wood,Micro Export (US$ Thousand),8688021.188,5.5064
Indonesia,2010,Import,  All Products,Import (US$ Thousand),135663280.2,100
Indonesia,2010,Import, Capital goods,Macro Import (US$ Thousand),44192841.71,32.5754
Indonesia,2010,Import, Consumer goods,Macro Import (US$ Thousand),32871939.51,24.2305
Indonesia,2010,Import, Intermediate goods,Macro Import (US$ Thousand),38989772.27,28.7401
Indonesia,2010,Import, Raw materials,Macro Import (US$ Thousand),17917637.46,13.2074
Indonesia,2010,Import,Other,Macro Import (US$ Thousand),1691089.261,1.2466
Indonesia,2010,Import,Animal,Micro Import (US$ Thousand),2065042.246,1.5222
Indonesia,2010,Import,Chemicals,Micro Import (US$ Thousand),12502914.73,9.2161
Indonesia,2010,Import,Food Products,Micro Import (US$ Thousand),4534876.922,3.3427
Indonesia,2010,Import,Footwear,Micro Import (US$ Thousand),282365.27,0.2081
Indonesia,2010,Import,Fuels,Micro Import (US$ Thousand),27530708.44,20.2934
Indonesia,2010,Import,Hides and Skins,Micro Import (US$ Thousand),485652.434,0.358
Indonesia,2010,Import,Mach and Elec,Micro Import (US$ Thousand),35643005.23,26.2731
Indonesia,2010,Import,Metals,Micro Import (US$ Thousand),13773098.84,10.1524
Indonesia,2010,Import,Minerals,Micro Import (US$ Thousand),1134873.465,0.8365
Indonesia,2010,Import,Miscellaneous,Micro Import (US$ Thousand),4541562.991,3.3477
Indonesia,2010,Import,Plastic or Rubber,Micro Import (US$ Thousand),6497186.186,4.7892
Indonesia,2010,Import,Stone and Glass,Micro Import (US$ Thousand),837484.126,0.6173
Indonesia,2010,Import,Textiles and Clothing,Micro Import (US$ Thousand),6186386.757,4.5601
Indonesia,2010,Import,Transportation,Micro Import (US$ Thousand),11310002.19,8.3368
Indonesia,2010,Import,Vegetable,Micro Import (US$ Thousand),5274442.417,3.8879
Indonesia,2010,Import,Wood,Micro Import (US$ Thousand),3063677.974,2.2583
Indonesia,2011,Export,  All Products,Export (US$ Thousand),203496619.2,100
Indonesia,2011,Export, Capital goods,Macro Export (US$ Thousand),16843161.54,8.2769
Indonesia,2011,Export, Consumer goods,Macro Export (US$ Thousand),66853468.54,32.8524
Indonesia,2011,Export, Intermediate goods,Macro Export (US$ Thousand),53256793.97,26.1708
Indonesia,2011,Export, Raw materials,Macro Export (US$ Thousand),66093183.06,32.4788
Indonesia,2011,Export,Other,Macro Export (US$ Thousand),450012.081,0.2211
Indonesia,2011,Export,Animal,Micro Export (US$ Thousand),2810760.039,1.3812
Indonesia,2011,Export,Chemicals,Micro Export (US$ Thousand),8935702.251,4.3911
Indonesia,2011,Export,Food Products,Micro Export (US$ Thousand),4995264.754,2.4547
Indonesia,2011,Export,Footwear,Micro Export (US$ Thousand),3585834.303,1.7621
Indonesia,2011,Export,Fuels,Micro Export (US$ Thousand),68921115.71,33.8684
Indonesia,2011,Export,Hides and Skins,Micro Export (US$ Thousand),431232.335,0.2119
Indonesia,2011,Export,Mach and Elec,Micro Export (US$ Thousand),16893403.81,8.3016
Indonesia,2011,Export,Metals,Micro Export (US$ Thousand),11965809.24,5.8801
Indonesia,2011,Export,Minerals,Micro Export (US$ Thousand),7507711.522,3.6894
Indonesia,2011,Export,Miscellaneous,Micro Export (US$ Thousand),3638513.933,1.788
Indonesia,2011,Export,Plastic or Rubber,Micro Export (US$ Thousand),16867431.32,8.2888
Indonesia,2011,Export,Stone and Glass,Micro Export (US$ Thousand),3580954.076,1.7597
Indonesia,2011,Export,Textiles and Clothing,Micro Export (US$ Thousand),13256791.76,6.5145
Indonesia,2011,Export,Transportation,Micro Export (US$ Thousand),4787945.173,2.3528
Indonesia,2011,Export,Vegetable,Micro Export (US$ Thousand),26115971.94,12.8336
Indonesia,2011,Export,Wood,Micro Export (US$ Thousand),9202177.019,4.522
Indonesia,2011,Import,  All Products,Import (US$ Thousand),177435550.3,100
Indonesia,2011,Import, Capital goods,Macro Import (US$ Thousand),52589636.6,29.6387
Indonesia,2011,Import, Consumer goods,Macro Import (US$ Thousand),47725565.13,26.8974
Indonesia,2011,Import, Intermediate goods,Macro Import (US$ Thousand),51015963.01,28.7518
Indonesia,2011,Import, Raw materials,Macro Import (US$ Thousand),24270552.14,13.6785
Indonesia,2011,Import,Other,Macro Import (US$ Thousand),1833833.432,1.0336
Indonesia,2011,Import,Animal,Micro Import (US$ Thousand),2120465.823,1.1951
Indonesia,2011,Import,Chemicals,Micro Import (US$ Thousand),16289863.77,9.1807
Indonesia,2011,Import,Food Products,Micro Import (US$ Thousand),5903680.784,3.3272
Indonesia,2011,Import,Footwear,Micro Import (US$ Thousand),402815.362,0.227
Indonesia,2011,Import,Fuels,Micro Import (US$ Thousand),40840210.03,23.0169
Indonesia,2011,Import,Hides and Skins,Micro Import (US$ Thousand),632959.006,0.3567
Indonesia,2011,Import,Mach and Elec,Micro Import (US$ Thousand),42960350.73,24.2118
Indonesia,2011,Import,Metals,Micro Import (US$ Thousand),17247731.16,9.7206
Indonesia,2011,Import,Minerals,Micro Import (US$ Thousand),1497622.883,0.844
Indonesia,2011,Import,Miscellaneous,Micro Import (US$ Thousand),4988754.292,2.8116
Indonesia,2011,Import,Plastic or Rubber,Micro Import (US$ Thousand),9048246.231,5.0995
Indonesia,2011,Import,Stone and Glass,Micro Import (US$ Thousand),994522.524,0.5605
Indonesia,2011,Import,Textiles and Clothing,Micro Import (US$ Thousand),8530466.277,4.8076
Indonesia,2011,Import,Transportation,Micro Import (US$ Thousand),13108629.46,7.3878
Indonesia,2011,Import,Vegetable,Micro Import (US$ Thousand),9192882.645,5.181
Indonesia,2011,Import,Wood,Micro Import (US$ Thousand),3676349.327,2.0719
Indonesia,2012,Export,  All Products,Export (US$ Thousand),190031839.2,100
Indonesia,2012,Export, Capital goods,Macro Export (US$ Thousand),17020731.6,8.9568
Indonesia,2012,Export, Consumer goods,Macro Export (US$ Thousand),67592665.88,35.5691
Indonesia,2012,Export, Intermediate goods,Macro Export (US$ Thousand),47147987.37,24.8106
Indonesia,2012,Export, Raw materials,Macro Export (US$ Thousand),58268591.8,30.6625
Indonesia,2012,Export,Other,Macro Export (US$ Thousand),1862.584,0.001
Indonesia,2012,Export,Animal,Micro Export (US$ Thousand),3087003.417,1.6245
Indonesia,2012,Export,Chemicals,Micro Export (US$ Thousand),8195187.825,4.3125
Indonesia,2012,Export,Food Products,Micro Export (US$ Thousand),5126891.72,2.6979
Indonesia,2012,Export,Footwear,Micro Export (US$ Thousand),3833313.017,2.0172
Indonesia,2012,Export,Fuels,Micro Export (US$ Thousand),63385110.55,33.355
Indonesia,2012,Export,Hides and Skins,Micro Export (US$ Thousand),461210.285,0.2427
Indonesia,2012,Export,Mach and Elec,Micro Export (US$ Thousand),16863925,8.8743
Indonesia,2012,Export,Metals,Micro Export (US$ Thousand),9387376.228,4.9399
Indonesia,2012,Export,Minerals,Micro Export (US$ Thousand),5195686.142,2.7341
Indonesia,2012,Export,Miscellaneous,Micro Export (US$ Thousand),3915437.984,2.0604
Indonesia,2012,Export,Plastic or Rubber,Micro Export (US$ Thousand),12913648.77,6.7955
Indonesia,2012,Export,Stone and Glass,Micro Export (US$ Thousand),3797946.32,1.9986
Indonesia,2012,Export,Textiles and Clothing,Micro Export (US$ Thousand),12461701.43,6.5577
Indonesia,2012,Export,Transportation,Micro Export (US$ Thousand),5914382.219,3.1123
Indonesia,2012,Export,Vegetable,Micro Export (US$ Thousand),26385410.19,13.8847
Indonesia,2012,Export,Wood,Micro Export (US$ Thousand),9107608.15,4.7927
Indonesia,2012,Import,  All Products,Import (US$ Thousand),191690908.1,100
Indonesia,2012,Import, Capital goods,Macro Import (US$ Thousand),59208080.22,30.8873
Indonesia,2012,Import, Consumer goods,Macro Import (US$ Thousand),51966944.02,27.1098
Indonesia,2012,Import, Intermediate goods,Macro Import (US$ Thousand),55694698.24,29.0544
Indonesia,2012,Import, Raw materials,Macro Import (US$ Thousand),22627045.32,11.8039
Indonesia,2012,Import,Other,Macro Import (US$ Thousand),2194140.285,1.1446
Indonesia,2012,Import,Animal,Micro Import (US$ Thousand),1845612.897,0.9628
Indonesia,2012,Import,Chemicals,Micro Import (US$ Thousand),17451570.51,9.104
Indonesia,2012,Import,Food Products,Micro Import (US$ Thousand),6741606.893,3.5169
Indonesia,2012,Import,Footwear,Micro Import (US$ Thousand),440056.748,0.2296
Indonesia,2012,Import,Fuels,Micro Import (US$ Thousand),42764190.9,22.3089
Indonesia,2012,Import,Hides and Skins,Micro Import (US$ Thousand),612782.711,0.3197
Indonesia,2012,Import,Mach and Elec,Micro Import (US$ Thousand),47285933.35,24.6678
Indonesia,2012,Import,Metals,Micro Import (US$ Thousand),20481089.07,10.6844
Indonesia,2012,Import,Minerals,Micro Import (US$ Thousand),1454726.113,0.7589
Indonesia,2012,Import,Miscellaneous,Micro Import (US$ Thousand),5938009.908,3.0977
Indonesia,2012,Import,Plastic or Rubber,Micro Import (US$ Thousand),9645348.063,5.0317
Indonesia,2012,Import,Stone and Glass,Micro Import (US$ Thousand),1249284.171,0.6517
Indonesia,2012,Import,Textiles and Clothing,Micro Import (US$ Thousand),8143653.144,4.2483
Indonesia,2012,Import,Transportation,Micro Import (US$ Thousand),16191992.3,8.4469
Indonesia,2012,Import,Vegetable,Micro Import (US$ Thousand),7878467.463,4.11
Indonesia,2012,Import,Wood,Micro Import (US$ Thousand),3566583.834,1.8606
Indonesia,2013,Export,  All Products,Export (US$ Thousand),182551754.4,100
Indonesia,2013,Export, Capital goods,Macro Export (US$ Thousand),16499321.01,9.0382
Indonesia,2013,Export, Consumer goods,Macro Export (US$ Thousand),65234022.17,35.7345
Indonesia,2013,Export, Intermediate goods,Macro Export (US$ Thousand),45507197.1,24.9284
Indonesia,2013,Export, Raw materials,Macro Export (US$ Thousand),55310949.47,30.2988
Indonesia,2013,Export,Other,Macro Export (US$ Thousand),264.638,0.0001
Indonesia,2013,Export,Animal,Micro Export (US$ Thousand),3205461.001,1.7559
Indonesia,2013,Export,Chemicals,Micro Export (US$ Thousand),8369320.51,4.5846
Indonesia,2013,Export,Food Products,Micro Export (US$ Thousand),5704268.92,3.1247
Indonesia,2013,Export,Footwear,Micro Export (US$ Thousand),4199277.075,2.3003
Indonesia,2013,Export,Fuels,Micro Export (US$ Thousand),57413344.5,31.4504
Indonesia,2013,Export,Hides and Skins,Micro Export (US$ Thousand),480388.401,0.2632
Indonesia,2013,Export,Mach and Elec,Micro Export (US$ Thousand),16399262.61,8.9833
Indonesia,2013,Export,Metals,Micro Export (US$ Thousand),8614822.436,4.7191
Indonesia,2013,Export,Minerals,Micro Export (US$ Thousand),6715185.214,3.6785
Indonesia,2013,Export,Miscellaneous,Micro Export (US$ Thousand),3976775.493,2.1784
Indonesia,2013,Export,Plastic or Rubber,Micro Export (US$ Thousand),11927319,6.5337
Indonesia,2013,Export,Stone and Glass,Micro Export (US$ Thousand),3648204.356,1.9984
Indonesia,2013,Export,Textiles and Clothing,Micro Export (US$ Thousand),12679710.49,6.9458
Indonesia,2013,Export,Transportation,Micro Export (US$ Thousand),5694000.589,3.1191
Indonesia,2013,Export,Vegetable,Micro Export (US$ Thousand),24086412.98,13.1943
Indonesia,2013,Export,Wood,Micro Export (US$ Thousand),9438000.797,5.17
Indonesia,2013,Import,  All Products,Import (US$ Thousand),186628630.6,100
Indonesia,2013,Import, Capital goods,Macro Import (US$ Thousand),52523495.77,28.1433
Indonesia,2013,Import, Consumer goods,Macro Import (US$ Thousand),51203623.66,27.4361
Indonesia,2013,Import, Intermediate goods,Macro Import (US$ Thousand),55266600.4,29.6131
Indonesia,2013,Import, Raw materials,Macro Import (US$ Thousand),26222102.23,14.0504
Indonesia,2013,Import,Other,Macro Import (US$ Thousand),1412808.564,0.7571
Indonesia,2013,Import,Animal,Micro Import (US$ Thousand),2237360.071,1.1988
Indonesia,2013,Import,Chemicals,Micro Import (US$ Thousand),17068666.75,9.1458
Indonesia,2013,Import,Food Products,Micro Import (US$ Thousand),7326879.578,3.9259
Indonesia,2013,Import,Footwear,Micro Import (US$ Thousand),488482.993,0.2617
Indonesia,2013,Import,Fuels,Micro Import (US$ Thousand),45544694.26,24.4039
Indonesia,2013,Import,Hides and Skins,Micro Import (US$ Thousand),654355.367,0.3506
Indonesia,2013,Import,Mach and Elec,Micro Import (US$ Thousand),45425311.8,24.3399
Indonesia,2013,Import,Metals,Micro Import (US$ Thousand),19291634.63,10.3369
Indonesia,2013,Import,Minerals,Micro Import (US$ Thousand),1573488.867,0.8431
Indonesia,2013,Import,Miscellaneous,Micro Import (US$ Thousand),5442899.718,2.9164
Indonesia,2013,Import,Plastic or Rubber,Micro Import (US$ Thousand),9907817.014,5.3088
Indonesia,2013,Import,Stone and Glass,Micro Import (US$ Thousand),1116828.314,0.5984
Indonesia,2013,Import,Textiles and Clothing,Micro Import (US$ Thousand),8472887.17,4.54
Indonesia,2013,Import,Transportation,Micro Import (US$ Thousand),11106936.79,5.9514
Indonesia,2013,Import,Vegetable,Micro Import (US$ Thousand),7239097.898,3.8789
Indonesia,2013,Import,Wood,Micro Import (US$ Thousand),3731289.413,1.9993
Indonesia,2014,Export,  All Products,Export (US$ Thousand),176036194.3,100
Indonesia,2014,Export, Capital goods,Macro Export (US$ Thousand),15877883.58,9.0197
Indonesia,2014,Export, Consumer goods,Macro Export (US$ Thousand),70165890.85,39.8588
Indonesia,2014,Export, Intermediate goods,Macro Export (US$ Thousand),45540992.75,25.8702
Indonesia,2014,Export, Raw materials,Macro Export (US$ Thousand),44451038.99,25.2511
Indonesia,2014,Export,Other,Macro Export (US$ Thousand),388.164,0.0002
Indonesia,2014,Export,Animal,Micro Export (US$ Thousand),3447569.458,1.9584
Indonesia,2014,Export,Chemicals,Micro Export (US$ Thousand),8394900.314,4.7688
Indonesia,2014,Export,Food Products,Micro Export (US$ Thousand),6353098.855,3.609
Indonesia,2014,Export,Footwear,Micro Export (US$ Thousand),4460394.466,2.5338
Indonesia,2014,Export,Fuels,Micro Export (US$ Thousand),51133125.28,29.0469
Indonesia,2014,Export,Hides and Skins,Micro Export (US$ Thousand),457768.95,0.26
Indonesia,2014,Export,Mach and Elec,Micro Export (US$ Thousand),15709164.2,8.9238
Indonesia,2014,Export,Metals,Micro Export (US$ Thousand),9284208.498,5.274
Indonesia,2014,Export,Minerals,Micro Export (US$ Thousand),2061087.994,1.1708
Indonesia,2014,Export,Miscellaneous,Micro Export (US$ Thousand),4065868.358,2.3097
Indonesia,2014,Export,Plastic or Rubber,Micro Export (US$ Thousand),9778723.303,5.555
Indonesia,2014,Export,Stone and Glass,Micro Export (US$ Thousand),5551638.756,3.1537
Indonesia,2014,Export,Textiles and Clothing,Micro Export (US$ Thousand),12740816.37,7.2376
Indonesia,2014,Export,Transportation,Micro Export (US$ Thousand),6041961.649,3.4322
Indonesia,2014,Export,Vegetable,Micro Export (US$ Thousand),26820673.51,15.2359
Indonesia,2014,Export,Wood,Micro Export (US$ Thousand),9735194.378,5.5302
Indonesia,2014,Import,  All Products,Import (US$ Thousand),178179340.2,100
Indonesia,2014,Import, Capital goods,Macro Import (US$ Thousand),48684137.14,27.3231
Indonesia,2014,Import, Consumer goods,Macro Import (US$ Thousand),48912392.2,27.4512
Indonesia,2014,Import, Intermediate goods,Macro Import (US$ Thousand),53039160.6,29.7673
Indonesia,2014,Import, Raw materials,Macro Import (US$ Thousand),26566624.44,14.91
Indonesia,2014,Import,Other,Macro Import (US$ Thousand),977025.803,0.5484
Indonesia,2014,Import,Animal,Micro Import (US$ Thousand),2824207.593,1.585
Indonesia,2014,Import,Chemicals,Micro Import (US$ Thousand),17046097.72,9.5668
Indonesia,2014,Import,Food Products,Micro Import (US$ Thousand),7304063.841,4.0993
Indonesia,2014,Import,Footwear,Micro Import (US$ Thousand),474243.526,0.2662
Indonesia,2014,Import,Fuels,Micro Import (US$ Thousand),43947416.4,24.6647
Indonesia,2014,Import,Hides and Skins,Micro Import (US$ Thousand),704430.699,0.3953
Indonesia,2014,Import,Mach and Elec,Micro Import (US$ Thousand),43006465.3,24.1366
Indonesia,2014,Import,Metals,Micro Import (US$ Thousand),17487121.89,9.8143
Indonesia,2014,Import,Minerals,Micro Import (US$ Thousand),1573790.619,0.8833
Indonesia,2014,Import,Miscellaneous,Micro Import (US$ Thousand),4852857.39,2.7236
Indonesia,2014,Import,Plastic or Rubber,Micro Import (US$ Thousand),9837144.824,5.5209
Indonesia,2014,Import,Stone and Glass,Micro Import (US$ Thousand),1178053.24,0.6612
Indonesia,2014,Import,Textiles and Clothing,Micro Import (US$ Thousand),8566200.875,4.8076
Indonesia,2014,Import,Transportation,Micro Import (US$ Thousand),8223081.593,4.6151
Indonesia,2014,Import,Vegetable,Micro Import (US$ Thousand),7396471.187,4.1511
Indonesia,2014,Import,Wood,Micro Import (US$ Thousand),3757693.499,2.1089
Indonesia,2015,Export,  All Products,Export (US$ Thousand),150366281.3,100
Indonesia,2015,Export, Capital goods,Macro Export (US$ Thousand),14239382.73,9.4698
Indonesia,2015,Export, Consumer goods,Macro Export (US$ Thousand),60519560.9,40.2481
Indonesia,2015,Export, Intermediate goods,Macro Export (US$ Thousand),39130685.41,26.0236
Indonesia,2015,Export, Raw materials,Macro Export (US$ Thousand),36452645.22,24.2426
Indonesia,2015,Export,Other,Macro Export (US$ Thousand),24007.045,0.0159
Indonesia,2015,Export,Animal,Micro Export (US$ Thousand),2912775.933,1.9371
Indonesia,2015,Export,Chemicals,Micro Export (US$ Thousand),6322282.101,4.2046
Indonesia,2015,Export,Food Products,Micro Export (US$ Thousand),5994231.757,3.9864
Indonesia,2015,Export,Footwear,Micro Export (US$ Thousand),4890269.422,3.2522
Indonesia,2015,Export,Fuels,Micro Export (US$ Thousand),34652205.37,23.0452
Indonesia,2015,Export,Hides and Skins,Micro Export (US$ Thousand),437986.216,0.2913
Indonesia,2015,Export,Mach and Elec,Micro Export (US$ Thousand),13774370.44,9.1605
Indonesia,2015,Export,Metals,Micro Export (US$ Thousand),7586840.899,5.0456
Indonesia,2015,Export,Minerals,Micro Export (US$ Thousand),3533981.024,2.3502
Indonesia,2015,Export,Miscellaneous,Micro Export (US$ Thousand),3700546.8,2.461
Indonesia,2015,Export,Plastic or Rubber,Micro Export (US$ Thousand),8166093.757,5.4308
Indonesia,2015,Export,Stone and Glass,Micro Export (US$ Thousand),6341029.69,4.2171
Indonesia,2015,Export,Textiles and Clothing,Micro Export (US$ Thousand),12282984.09,8.1687
Indonesia,2015,Export,Transportation,Micro Export (US$ Thousand),5969266.594,3.9698
Indonesia,2015,Export,Vegetable,Micro Export (US$ Thousand),24296550.03,16.1582
Indonesia,2015,Export,Wood,Micro Export (US$ Thousand),9504867.19,6.3211
Indonesia,2015,Import,  All Products,Import (US$ Thousand),142694802.2,100
Indonesia,2015,Import, Capital goods,Macro Import (US$ Thousand),43132526.33,30.2271
Indonesia,2015,Import, Consumer goods,Macro Import (US$ Thousand),33243266.79,23.2968
Indonesia,2015,Import, Intermediate goods,Macro Import (US$ Thousand),46961864.58,32.9107
Indonesia,2015,Import, Raw materials,Macro Import (US$ Thousand),19008598.32,13.3212
Indonesia,2015,Import,Other,Macro Import (US$ Thousand),348546.161,0.2442
Indonesia,2015,Import,Animal,Micro Import (US$ Thousand),1999435.103,1.4012
Indonesia,2015,Import,Chemicals,Micro Import (US$ Thousand),15181077.83,10.6388
Indonesia,2015,Import,Food Products,Micro Import (US$ Thousand),6278075.175,4.3997
Indonesia,2015,Import,Footwear,Micro Import (US$ Thousand),492721.489,0.3453
Indonesia,2015,Import,Fuels,Micro Import (US$ Thousand),25049576.46,17.5547
Indonesia,2015,Import,Hides and Skins,Micro Import (US$ Thousand),647155.222,0.4535
Indonesia,2015,Import,Mach and Elec,Micro Import (US$ Thousand),37844971.35,26.5216
Indonesia,2015,Import,Metals,Micro Import (US$ Thousand),14393614.93,10.087
Indonesia,2015,Import,Minerals,Micro Import (US$ Thousand),1478068.724,1.0358
Indonesia,2015,Import,Miscellaneous,Micro Import (US$ Thousand),3942761.509,2.7631
Indonesia,2015,Import,Plastic or Rubber,Micro Import (US$ Thousand),8556177.243,5.9961
Indonesia,2015,Import,Stone and Glass,Micro Import (US$ Thousand),1754266.507,1.2294
Indonesia,2015,Import,Textiles and Clothing,Micro Import (US$ Thousand),7976206.101,5.5897
Indonesia,2015,Import,Transportation,Micro Import (US$ Thousand),7426494.008,5.2045
Indonesia,2015,Import,Vegetable,Micro Import (US$ Thousand),6527855.158,4.5747
Indonesia,2015,Import,Wood,Micro Import (US$ Thousand),3146345.381,2.2049
Indonesia,2016,Export,  All Products,Export (US$ Thousand),144489796.4,100
Indonesia,2016,Export, Capital goods,Macro Export (US$ Thousand),14448128.86,9.9994
Indonesia,2016,Export, Consumer goods,Macro Export (US$ Thousand),58914095.56,40.7739
Indonesia,2016,Export, Intermediate goods,Macro Export (US$ Thousand),37646462.83,26.0548
Indonesia,2016,Export, Raw materials,Macro Export (US$ Thousand),33419282.16,23.1292
Indonesia,2016,Export,Other,Macro Export (US$ Thousand),61827.01,0.0427
Indonesia,2016,Export,Animal,Micro Export (US$ Thousand),3226434.128,2.233
Indonesia,2016,Export,Chemicals,Micro Export (US$ Thousand),6894707.897,4.7718
Indonesia,2016,Export,Food Products,Micro Export (US$ Thousand),6174966.342,4.2736
Indonesia,2016,Export,Footwear,Micro Export (US$ Thousand),5067967.87,3.5075
Indonesia,2016,Export,Fuels,Micro Export (US$ Thousand),27874676.92,19.2918
Indonesia,2016,Export,Hides and Skins,Micro Export (US$ Thousand),461027.794,0.3191
Indonesia,2016,Export,Mach and Elec,Micro Export (US$ Thousand),13594209.93,9.4084
Indonesia,2016,Export,Metals,Micro Export (US$ Thousand),7456948.012,5.1609
Indonesia,2016,Export,Minerals,Micro Export (US$ Thousand),3728116.864,2.5802
Indonesia,2016,Export,Miscellaneous,Micro Export (US$ Thousand),3555129.932,2.4605
Indonesia,2016,Export,Plastic or Rubber,Micro Export (US$ Thousand),7915932.453,5.4785
Indonesia,2016,Export,Stone and Glass,Micro Export (US$ Thousand),7167670.202,4.9607
Indonesia,2016,Export,Textiles and Clothing,Micro Export (US$ Thousand),11832191.85,8.1889
Indonesia,2016,Export,Transportation,Micro Export (US$ Thousand),6576314.067,4.5514
Indonesia,2016,Export,Vegetable,Micro Export (US$ Thousand),23929188.24,16.5612
Indonesia,2016,Export,Wood,Micro Export (US$ Thousand),9034313.91,6.2526
Indonesia,2016,Import,  All Products,Import (US$ Thousand),135652799.8,100
Indonesia,2016,Import, Capital goods,Macro Import (US$ Thousand),41640722.7,30.6965
Indonesia,2016,Import, Consumer goods,Macro Import (US$ Thousand),30149371.79,22.2254
Indonesia,2016,Import, Intermediate goods,Macro Import (US$ Thousand),45406940.22,33.4729
Indonesia,2016,Import, Raw materials,Macro Import (US$ Thousand),18119075.36,13.3569
Indonesia,2016,Import,Other,Macro Import (US$ Thousand),336689.723,0.2483
Indonesia,2016,Import,Animal,Micro Import (US$ Thousand),2354252.983,1.7355
Indonesia,2016,Import,Chemicals,Micro Import (US$ Thousand),13898248.74,10.2455
Indonesia,2016,Import,Food Products,Micro Import (US$ Thousand),7063688.813,5.2072
Indonesia,2016,Import,Footwear,Micro Import (US$ Thousand),583847.493,0.4304
Indonesia,2016,Import,Fuels,Micro Import (US$ Thousand),19250356.06,14.1909
Indonesia,2016,Import,Hides and Skins,Micro Import (US$ Thousand),687040.966,0.5065
Indonesia,2016,Import,Mach and Elec,Micro Import (US$ Thousand),36459000.47,26.8767
Indonesia,2016,Import,Metals,Micro Import (US$ Thousand),13329215,9.826
Indonesia,2016,Import,Minerals,Micro Import (US$ Thousand),1140548.597,0.8408
Indonesia,2016,Import,Miscellaneous,Micro Import (US$ Thousand),4821846.709,3.5546
Indonesia,2016,Import,Plastic or Rubber,Micro Import (US$ Thousand),8737261.402,6.4409
Indonesia,2016,Import,Stone and Glass,Micro Import (US$ Thousand),1908484.48,1.4069
Indonesia,2016,Import,Textiles and Clothing,Micro Import (US$ Thousand),8160070.629,6.0154
Indonesia,2016,Import,Transportation,Micro Import (US$ Thousand),7211526.134,5.3162
Indonesia,2016,Import,Vegetable,Micro Import (US$ Thousand),6899034.249,5.0858
Indonesia,2016,Import,Wood,Micro Import (US$ Thousand),3148377.07,2.3209
Indonesia,2017,Export,  All Products,Export (US$ Thousand),168810042.9,100
Indonesia,2017,Export, Capital goods,Macro Export (US$ Thousand),14987366.06,8.8782
Indonesia,2017,Export, Consumer goods,Macro Export (US$ Thousand),66489970.62,39.3874
Indonesia,2017,Export, Intermediate goods,Macro Export (US$ Thousand),44347150.79,26.2704
Indonesia,2017,Export, Raw materials,Macro Export (US$ Thousand),42182938.09,24.9884
Indonesia,2017,Export,Other,Macro Export (US$ Thousand),802617.3698,0.4756
Indonesia,2017,Export,Animal,Micro Export (US$ Thousand),3381076.513,2.0029
Indonesia,2017,Export,Chemicals,Micro Export (US$ Thousand),7870718.819,4.6625
Indonesia,2017,Export,Food Products,Micro Export (US$ Thousand),6971317.881,4.1297
Indonesia,2017,Export,Footwear,Micro Export (US$ Thousand),5397310.688,3.1973
Indonesia,2017,Export,Fuels,Micro Export (US$ Thousand),36866869.44,21.8393
Indonesia,2017,Export,Hides and Skins,Micro Export (US$ Thousand),546050.8687,0.3235
Indonesia,2017,Export,Mach and Elec,Micro Export (US$ Thousand),14327447.18,8.4873
Indonesia,2017,Export,Metals,Micro Export (US$ Thousand),9533335.298,5.6474
Indonesia,2017,Export,Minerals,Micro Export (US$ Thousand),3979736.523,2.3575
Indonesia,2017,Export,Miscellaneous,Micro Export (US$ Thousand),3674125.085,2.1765
Indonesia,2017,Export,Plastic or Rubber,Micro Export (US$ Thousand),10140086.87,6.0068
Indonesia,2017,Export,Stone and Glass,Micro Export (US$ Thousand),6385019.556,3.7824
Indonesia,2017,Export,Textiles and Clothing,Micro Export (US$ Thousand),12536684.69,7.4265
Indonesia,2017,Export,Transportation,Micro Export (US$ Thousand),7187935.318,4.258
Indonesia,2017,Export,Vegetable,Micro Export (US$ Thousand),29577370.85,17.5211
Indonesia,2017,Export,Wood,Micro Export (US$ Thousand),10434957.35,6.1815
Indonesia,2017,Import,  All Products,Import (US$ Thousand),157388168.5,100
Indonesia,2017,Import, Capital goods,Macro Import (US$ Thousand),42793060.93,27.1895
Indonesia,2017,Import, Consumer goods,Macro Import (US$ Thousand),37245685.83,23.6649
Indonesia,2017,Import, Intermediate goods,Macro Import (US$ Thousand),51549891.75,32.7533
Indonesia,2017,Import, Raw materials,Macro Import (US$ Thousand),25208756.85,16.0169
Indonesia,2017,Import,Other,Macro Import (US$ Thousand),590773.117,0.3754
Indonesia,2017,Import,Animal,Micro Import (US$ Thousand),2393374.968,1.5207
Indonesia,2017,Import,Chemicals,Micro Import (US$ Thousand),16103782.35,10.2319
Indonesia,2017,Import,Food Products,Micro Import (US$ Thousand),8227947.786,5.2278
Indonesia,2017,Import,Footwear,Micro Import (US$ Thousand),682228.502,0.4335
Indonesia,2017,Import,Fuels,Micro Import (US$ Thousand),27990093.45,17.7841
Indonesia,2017,Import,Hides and Skins,Micro Import (US$ Thousand),759435.915,0.4825
Indonesia,2017,Import,Mach and Elec,Micro Import (US$ Thousand),36378111.45,23.1136
Indonesia,2017,Import,Metals,Micro Import (US$ Thousand),15968746.71,10.1461
Indonesia,2017,Import,Minerals,Micro Import (US$ Thousand),2833147.341,1.8001
Indonesia,2017,Import,Miscellaneous,Micro Import (US$ Thousand),5105362.316,3.2438
Indonesia,2017,Import,Plastic or Rubber,Micro Import (US$ Thousand),9409096.233,5.9783
Indonesia,2017,Import,Stone and Glass,Micro Import (US$ Thousand),2468635.035,1.5685
Indonesia,2017,Import,Textiles and Clothing,Micro Import (US$ Thousand),8217340.936,5.2211
Indonesia,2017,Import,Transportation,Micro Import (US$ Thousand),8549364.469,5.432
Indonesia,2017,Import,Vegetable,Micro Import (US$ Thousand),8488394.845,5.3933
Indonesia,2017,Import,Wood,Micro Import (US$ Thousand),3813106.173,2.4227
Indonesia,2018,Export,  All Products,Export (US$ Thousand),180215034.4,100
Indonesia,2018,Export, Capital goods,Macro Export (US$ Thousand),15547001.92,8.6269
Indonesia,2018,Export, Consumer goods,Macro Export (US$ Thousand),68578923.17,38.0539
Indonesia,2018,Export, Intermediate goods,Macro Export (US$ Thousand),49419462.61,27.4225
Indonesia,2018,Export, Raw materials,Macro Export (US$ Thousand),45863376.29,25.4493
Indonesia,2018,Export,Other,Macro Export (US$ Thousand),806270.4404,0.4474
Indonesia,2018,Export,Animal,Micro Export (US$ Thousand),3410242.615,1.8923
Indonesia,2018,Export,Chemicals,Micro Export (US$ Thousand),9101556.485,5.0504
Indonesia,2018,Export,Food Products,Micro Export (US$ Thousand),7891422.161,4.3789
Indonesia,2018,Export,Footwear,Micro Export (US$ Thousand),5593999.237,3.1041
Indonesia,2018,Export,Fuels,Micro Export (US$ Thousand),42011767.45,23.312
Indonesia,2018,Export,Hides and Skins,Micro Export (US$ Thousand),680892.3603,0.3778
Indonesia,2018,Export,Mach and Elec,Micro Export (US$ Thousand),14716066.1,8.1658
Indonesia,2018,Export,Metals,Micro Export (US$ Thousand),12426419.18,6.8953
Indonesia,2018,Export,Minerals,Micro Export (US$ Thousand),5575755.395,3.0939
Indonesia,2018,Export,Miscellaneous,Micro Export (US$ Thousand),3824489.338,2.1222
Indonesia,2018,Export,Plastic or Rubber,Micro Export (US$ Thousand),8971576.137,4.9783
Indonesia,2018,Export,Stone and Glass,Micro Export (US$ Thousand),6397959.35,3.5502
Indonesia,2018,Export,Textiles and Clothing,Micro Export (US$ Thousand),13216842.7,7.3339
Indonesia,2018,Export,Transportation,Micro Export (US$ Thousand),7874098.28,4.3693
Indonesia,2018,Export,Vegetable,Micro Export (US$ Thousand),26706079.45,14.819
Indonesia,2018,Export,Wood,Micro Export (US$ Thousand),11815868.2,6.5565
Indonesia,2018,Import,  All Products,Import (US$ Thousand),188711171.6,100
Indonesia,2018,Import, Capital goods,Macro Import (US$ Thousand),56497488.96,29.9386
Indonesia,2018,Import, Consumer goods,Macro Import (US$ Thousand),44976972.35,23.8338
Indonesia,2018,Import, Intermediate goods,Macro Import (US$ Thousand),61575534.29,32.6295
Indonesia,2018,Import, Raw materials,Macro Import (US$ Thousand),24893192.22,13.1912
Indonesia,2018,Import,Other,Macro Import (US$ Thousand),767983.8,0.4069
Indonesia,2018,Import,Animal,Micro Import (US$ Thousand),2790268.628,1.4786
Indonesia,2018,Import,Chemicals,Micro Import (US$ Thousand),18547108.33,9.8283
Indonesia,2018,Import,Food Products,Micro Import (US$ Thousand),8467599.122,4.4871
Indonesia,2018,Import,Footwear,Micro Import (US$ Thousand),903437.677,0.4787
Indonesia,2018,Import,Fuels,Micro Import (US$ Thousand),31581864.8,16.7356
Indonesia,2018,Import,Hides and Skins,Micro Import (US$ Thousand),961628.769,0.5096
Indonesia,2018,Import,Mach and Elec,Micro Import (US$ Thousand),48567899.78,25.7366
Indonesia,2018,Import,Metals,Micro Import (US$ Thousand),20208904.56,10.7089
Indonesia,2018,Import,Minerals,Micro Import (US$ Thousand),1520848.778,0.8059
Indonesia,2018,Import,Miscellaneous,Micro Import (US$ Thousand),6312040.832,3.3448
Indonesia,2018,Import,Plastic or Rubber,Micro Import (US$ Thousand),11633900.96,6.1649
Indonesia,2018,Import,Stone and Glass,Micro Import (US$ Thousand),3800195.859,2.0138
Indonesia,2018,Import,Textiles and Clothing,Micro Import (US$ Thousand),10017099.94,5.3082
Indonesia,2018,Import,Transportation,Micro Import (US$ Thousand),10645546.68,5.6412
Indonesia,2018,Import,Vegetable,Micro Import (US$ Thousand),8752058.157,4.6378
Indonesia,2018,Import,Wood,Micro Import (US$ Thousand),4000768.757,2.12
